comentario,sentimento
"Muito caro pro que oferece, mas a qualidade da tela √© boa.",negativo
"n√£o curti mto a interface nova, prefiro como era antes",negativo
"a bateria n dura mt, esperava mais",negativo
"O atendimento pelo chat foi meio lento, Isabela poderia ser mais √°gil.",negativo
"N√£o foi entregue e n√£o fazem reembolso",negativo
"N√£o respondeu ao an√∫ncio.",negativo
"Falta entradas usb",negativo
"Porra, caro d+",negativo
"Trava pra krl",negativo
"Bateria dura nada",negativo
"0,01",negativo
"Caro e n√£o vem merda nenhuma",negativo
"iPhone novo, mas cad√™ as ideias novas? Tudo igual, p√¥.",negativo
"Pura modinha",negativo
"Sansugue",negativo
"Samsung <3",negativo
"Prefiro um celta",negativo
"Isso tudo e n d√° pra baixar programa pirata kkkk",negativo
"td modinha",negativo
"Se cair j√° era kkk",negativo
"O desing s√≥ muda a camera",negativo
"bateria uma merda, parab√©ns",negativo
"tres camera q soh funciona uma",negativo
"palhacada isso n√©",negativo
"tnc carro pra porra",negativo
"10",positivo
"Excelente",positivo
"mem√≥ria top",positivo
"O design t√° lindo",positivo
"Excelente",positivo
"Bonito, r√°pido.",positivo
"10/10 excelente compra!!!",positivo
"Muito bom produto",positivo
"Adorei üòç‚ù§Ô∏è",positivo
"Top",positivo
"PQP!!! Massa T√°",positivo
"Uau, perfeito",positivo
"Muito minimalista, amo",positivo
"funciona mt rapido",positivo
"maravilha",positivo
"mais um para a cole√ß√£o",positivo
"agora sim meu ano t√° completo, perfeito",positivo
"nota 1000",positivo
"45209",positivo
"incrivel",positivo
"apaixonada",positivo
"puta merda, que maravilha de telefone",positivo
"cor mais do q pft",positivo
"camera maravilhosa",positivo
"1",positivo
"Como pode um ser celular ser t√£o ruim quanto o 15 pro max! Paguei 11 mil reais para o celular travar a cada segundo, n√£o responder aos comandos e super aquecer! Meu sentimento √© de √≥dio!",negativo
"apple, resolve o problema do audio dos iphones ai, ta demorando ja!",negativo
"‚ù§Ô∏è",positivo
"Mais algu√©m com problema com o teclado travando ap√≥s a atualiza√ß√£o do iOS 17??",negativo
"OMG eu chorei, que lindo‚Äº Ô∏è ‚ô• Ô∏è",positivo
"üòç‚ù§Ô∏è‚ù§Ô∏è",positivo
"üî•üôå",positivo
"Simplesmente incr√≠vel!",positivo
"O novo teclado √© uma merda",negativo
"√ìtima c√¢mera üî• Avance Feliz Natal",positivo
"T√£o bonito",positivo
"üëèüëè",positivo
"üòçüòçüòç",positivo
"Bravo üî•üî•üî•üî•",positivo
"üòçüòçüòç",positivo
"Isso √© incr√≠vel üî•üëè",positivo
"Uau sempre impressionado com voc√™ Anna üî•üß°",positivo
"Estou muito insatisfeito com a Apple, comprei um iPhone e, depois de 2 meses de uso, come√ßou a desligar e reiniciar por si s√≥, enviei -o para apoiar em S√£o Paulo, Brasil e estou esperando. Apple N√£o quero retomar um telefone de 4.000 reais que j√° foi aberto ap√≥s 2 meses de uso!",negativo
"üî•",positivo
"üòçüòçüòç",positivo
"üòçüëè‚ù§",positivo
"Belo trabalho.",positivo
"Lindo üòç",positivo
"Wowwwwww",positivo
"Eu amo isso üíô",positivo
"üëçüèªüòç",positivo
"Este √© um talento absoluto üòç",positivo
"√ìtimo üî•üî•",positivo
"üòçüòçüòç",positivo
"üòÆ",positivo
"Lindo!! Adore seu trabalho ‚ù§Ô∏è",positivo
"Apple e Apple s√£o como ü§ù",positivo
"Corrija o problema do teclado !!! √â terr√≠vel!",negativo
"Decepcionado c a pulseira do Apple Watch ultra. Comprei e n√£o deu 6 meses a borracha come√ßou a apresentar defeito..hoje praticamente deteriorada a ponto de n√£o dar para us√°-la.",negativo
"Entrei em contato c a empresa e n√£o puderam fazer nada. Pior, amigos meus est√£o comprando pulseiras falsificadas e estao gostando muito.",negativo
"üî•üî•üî•üî•üî•",positivo
"Me d√° flashbacks ao trabalho de Suzie Templeton! üòÆ Muito bem feito.",positivo
"MAGN√çFICO!!!! Estou t√£o feliz em ver voc√™ florescer como artista. √â maravilhoso. Eu sempre soube que voc√™ seria de primeira qualidade!",positivo
"üëè Profissional",positivo
"Acabei de ver o comercial e imediatamente soube que era o seu trabalho e assisti a coisa toda. Trabalho incr√≠vel, sua arte sempre eleva e entende o p√∫blico.",positivo
"Eu quebrei em l√°grimas. Ame isso e cr√©dito ao criador ‚ù§Ô∏è Trabalho incr√≠vel e extremamente talentoso ‚ù§Ô∏è",positivo
"üòçüëè Trabalho impressionante",positivo
"üòçüòçüòç",positivo
"Amei ‚ù§Ô∏è",positivo
"üòçHaaaaaaHüòçüòÇüòÇüòÇüòÇ",positivo
"Isso foi muito bom, eu adorei! ‚ù§Ô∏è‚ù§Ô∏è‚ù§Ô∏è",positivo
"Helt Otroligt! Magiskt! üôå‚ù§Ô∏è",positivo
"Que obra -prima üòç",positivo
"Wow",positivo
"Realmente tocante, este filme, lindamente feito e filmado. √â brilhante.",positivo
"Eles simplesmente n√£o deixam voc√™ estudar, eles n√£o permitem que voc√™ trabalhe, eles n√£o permitem que voc√™ avan√ßar. Eles tornam sua vida imposs√≠vel, eles simplesmente amam seu tempo. N√£o se preocupar e me invadir. Eu n√£o suporto mais esses caras.",negativo
"Por favor, confira minhas atualiza√ß√µes",negativo
"Incr√≠vel ü•∞",positivo
"üòçüôåüî•",positivo
"‚ù§Ô∏è‚ù§Ô∏è‚Äçüî•üòç",positivo
"üòç‚ù§Ô∏è",positivo
"Uau !!! üî•ü§çü§çüòÆüòçFabulous",positivo
"üëèüëè",positivo
"üòçüôå‚ù§Ô∏è",positivo
"‚ù§Ô∏è‚ù§Ô∏è‚ù§Ô∏è",positivo
"‚ù§Ô∏è‚ù§Ô∏è‚ù§Ô∏è",positivo
"üòçüòçüòç",positivo
"üôåüòç‚ù§Ô∏è",positivo
"üòçüòçüòçüî•üî•",positivo
"üî•",positivo
"üëèüëèüëèüëè",positivo
"N√£o gostei",negativo
"üòûüòûüòû",negativo
"Nunca vi travar tanto",negativo
"por isso os zoto prefere sansuge",negativo
"caro e faz merda nenhuma",negativo
"tnc q bosta",negativo
"pqp! maravilhoso",positivo
"pqp uma bosta de celular",negativo
"Muito caro",negativo